"Anlage_Energieträger","Anlagentyp","Leistung [kW]","Anlage_Inbetriebnahme","PLZ","Ort","Anlage_Kanto"
"Photovoltaik","Angebaute Anlage","143","05.11.07","CH-6025","Neudorf","LU"
"Photovoltaik","Angebaute Anlage","143.1","31.08.16","9050","Appenzell","AI"
"Photovoltaik","Integrierte Anlage","143.3","15.12.11","4114","Hofstetten","SO"
"Photovoltaik","Angebaute Anlage","143.3","24.12.10","2545","Selzach","SO"
"Photovoltaik","Angebaute Anlage","143.4","21.06.16","9620","Lichtensteig","SG"
"Photovoltaik","Angebaute Anlage","143.5","29.11.11","8414","Buch am Irchel","ZH"
"Photovoltaik","Angebaute Anlage","143.6","22.12.11","9452","Hinterforst","SG"
"Photovoltaik","Angebaute Anlage","143.8","03.09.15","6312","Steinhausen","ZG"
"Photovoltaik","Angebaute Anlage","143.9","20.12.13","5303","Würenlingen","AG"
"Photovoltaik","Integrierte Anlage","144","01.09.08","8523","Hagenbuch","ZH"
"Photovoltaik","Angebaute Anlage","144","03.11.11","6430","Schwyz","SZ"
"Photovoltaik","Integrierte Anlage","144","27.09.12","9476","Weite","SG"
"Photovoltaik","Angebaute Anlage","144.5","22.01.15","9556","Affeltrangen","TG"
"Photovoltaik","Angebaute Anlage","144.5","04.03.15","5625","Kallern","AG"
"Photovoltaik","Angebaute Anlage","145","18.02.10","1196","Gland","VD"
"Photovoltaik","Angebaute Anlage","145.3","19.12.13","8564","Wagerswil","TG"
"Photovoltaik","Angebaute Anlage","145.4","12.03.15","8965","Berikon","AG"
"Photovoltaik","Angebaute Anlage","145.6","28.06.13","8274","Tägerwilen","TG"
"Photovoltaik","Angebaute Anlage","145.8","16.10.14","8523","Hagenbuch","ZH"
"Photovoltaik","Angebaute Anlage","145.8","02.11.11","1852","Roche","VD"
"Photovoltaik","Angebaute Anlage","146","29.12.11","4588","Unterramsern","SO"
"Photovoltaik","Angebaute Anlage","146.1","02.09.14","6130","Willisau","LU"
"Photovoltaik","Angebaute Anlage","146.2","17.09.15","9203","Niederwil","SG"
"Photovoltaik","Integrierte Anlage","146.2","17.06.11","1553","Châtonnaye","FR"
"Photovoltaik","Angebaute Anlage","146.3","15.11.13","3645","Gwatt","BE"
"Photovoltaik","Angebaute Anlage","146.9","13.08.12","1482","Cugy","FR"
"Photovoltaik","Angebaute Anlage","147.2","18.12.12","6430","Schwyz","SZ"
"Photovoltaik","Angebaute Anlage","147.4","02.01.09","3550","Langnau","BE"
"Photovoltaik","Angebaute Anlage","147.4","27.11.12","6010","Kriens","LU"
"Photovoltaik","Angebaute Anlage","147.4","11.03.15","9478","Azmoos","SG"
"Photovoltaik","Angebaute Anlage","147.6","20.12.11","2544","Bettlach","SO"
"Photovoltaik","Angebaute Anlage","147.7","16.11.12","5430","Wettingen","AG"
"Photovoltaik","Angebaute Anlage","147.8","02.09.10","4056","Basel","BS"
"Photovoltaik","Angebaute Anlage","147.9","18.08.16","9620","Lichtensteig","SG"
"Photovoltaik","Angebaute Anlage","148.5","26.03.15","8914","Aeugst","ZH"
"Photovoltaik","Angebaute Anlage","148.5","28.02.12","5313","Klingnau","AG"
"Photovoltaik","Angebaute Anlage","148.6","11.11.10","9602","Bazenheid","SG"
"Photovoltaik","Angebaute Anlage","148.7","26.05.09","1422","Grandson","VD"
"Photovoltaik","Angebaute Anlage","148.7","11.08.09","6063","Stalden","OW"
"Photovoltaik","Angebaute Anlage","149","13.09.12","6110","Wolhusen","LU"
"Photovoltaik","Angebaute Anlage","149.1","01.11.11","8217","Wilchingen","SH"
"Photovoltaik","Integrierte Anlage","149.2","12.07.12","8311","Brütten","ZH"
"Photovoltaik","Angebaute Anlage","149.3","21.09.11","4914","Roggwil","BE"
"Photovoltaik","Angebaute Anlage","149.3","19.09.16","8155","Niederhasli","ZH"
"Photovoltaik","Angebaute Anlage","149.5","21.07.12","3612","Steffisburg","BE"
"Photovoltaik","Angebaute Anlage","149.5","22.06.16","3555","Trubschachen","BE"
"Photovoltaik","Angebaute Anlage","150.2","23.03.15","6221","Rickenbach","LU"
"Photovoltaik","Angebaute Anlage","150.2","18.06.13","4562","Biberist","SO"
"Photovoltaik","Angebaute Anlage","150.2","18.12.13","8133","Esslingen","ZH"
"Photovoltaik","Angebaute Anlage","150.3","19.09.12","8855","Wangen","SZ"
"Photovoltaik","Angebaute Anlage","150.4","22.12.11","3308","Grafenried","BE"
"Photovoltaik","Angebaute Anlage","151.5","03.08.12","6253","Uffikon","LU"
"Photovoltaik","Angebaute Anlage","151.6","05.12.11","1483","Vesin","FR"
"Photovoltaik","Angebaute Anlage","151.7","15.10.13","1040","Echallens","VD"
"Photovoltaik","Angebaute Anlage","151.7","15.10.13","1040","Echallens","VD"
"Photovoltaik","Angebaute Anlage","152.2","25.03.15","2613","Villeret","BE"
"Photovoltaik","Integrierte Anlage","152.5","25.06.13","1617","Tatroz","FR"
"Photovoltaik","Integrierte Anlage","152.6","29.06.15","3038","Kirchlindach","BE"
"Photovoltaik","Angebaute Anlage","152.6","20.03.15","6221","Rickenbach","LU"
"Photovoltaik","Angebaute Anlage","152.7","10.10.08","1510","Moudon","VD"
"Photovoltaik","Angebaute Anlage","152.8","25.06.13","6055","Alpnach Dorf","OW"
"Photovoltaik","Angebaute Anlage","152.9","22.12.11","1695","Villarsel-le-Gibloux","FR"
"Photovoltaik","Angebaute Anlage","152.9","26.09.16","9450","Altstätten","SG"
"Photovoltaik","Angebaute Anlage","153.6","22.02.12","3613","Steffisburg","BE"
"Photovoltaik","Integrierte Anlage","153.9","31.07.12","2946","Miécourt","JU"
"Photovoltaik","Angebaute Anlage","153.9","08.03.15","6422","Steinen","SZ"
"Photovoltaik","Integrierte Anlage","154.6","03.10.11","8312","Winterberg","ZH"
"Photovoltaik","Angebaute Anlage","154.8","23.11.11","5636","Benzenschwil","AG"
"Photovoltaik","Angebaute Anlage","154.9","16.12.11","9300","Wittenbach","SG"
"Photovoltaik","Angebaute Anlage","154.9","02.12.11","8162","Steinmaur","ZH"
"Photovoltaik","Angebaute Anlage","155","18.12.13","4900","Langenthal","BE"
"Photovoltaik","Angebaute Anlage","155","24.03.15","8274","Tägerwilen","TG"
"Photovoltaik","Angebaute Anlage","155","07.12.12","3781","Turbach","BE"
"Photovoltaik","Angebaute Anlage","155.5","05.11.14","8452","Adlikon","ZH"
"Photovoltaik","Angebaute Anlage","155.5","20.03.15","8580","Amriswil","TG"
"Photovoltaik","Angebaute Anlage","155.5","26.03.15","7205","Zizers","GR"
"Photovoltaik","Angebaute Anlage","155.6","07.11.14","3608","Thun","BE"
"Photovoltaik","Angebaute Anlage","155.6","24.12.13","6532","Castione","TI"
"Photovoltaik","Angebaute Anlage","155.7","19.09.12","8500","Frauenfeld","TG"
"Photovoltaik","Angebaute Anlage","155.7","16.12.13","8553","Harenwilen","TG"
"Photovoltaik","Angebaute Anlage","155.8","16.12.12","6928","Manno","TI"
"Photovoltaik","Angebaute Anlage","155.8","01.08.12","3665","Wattenwil","BE"
"Photovoltaik","Angebaute Anlage","155.9","12.12.11","1893","Muraz (Collombey)","VS"
"Photovoltaik","Angebaute Anlage","156.1","02.10.13","9223","Schweizersholz","TG"
"Photovoltaik","Angebaute Anlage","156.5","30.09.10","3145","Niederscherli","BE"
"Photovoltaik","Angebaute Anlage","156.6","20.12.13","6595","Riazzino","TI"
"Photovoltaik","Angebaute Anlage","156.7","19.12.13","3150","Schwarzenburg","BE"
"Photovoltaik","Angebaute Anlage","156.8","21.09.12","1070","Puidoux","VD"
"Photovoltaik","Angebaute Anlage","156.9","31.03.15","2364","St-Brais","JU"
"Photovoltaik","Angebaute Anlage","157.2","30.06.12","2606","Corgemont","BE"
"Photovoltaik","Angebaute Anlage","157.3","05.02.10","9032","Engelburg","SG"
"Photovoltaik","Integrierte Anlage","157.4","19.12.13","8934","Knonau","ZH"
"Photovoltaik","Angebaute Anlage","157.5","26.09.12","6372","Ennetmoos","NW"
"Photovoltaik","Angebaute Anlage","158","06.10.10","6048","Horw","LU"
"Photovoltaik","Angebaute Anlage","158.1","16.11.09","6017","Ruswil","LU"
"Photovoltaik","Angebaute Anlage","158.3","18.12.13","5417","Untersiggenthal","AG"
"Photovoltaik","Angebaute Anlage","158.8","09.06.16","8600","Dübendorf","ZH"
"Photovoltaik","Integrierte Anlage","159.1","04.05.12","1891","Vérossaz","VS"
"Photovoltaik","Angebaute Anlage","159.3","12.12.13","8733","Eschenbach","SG"
"Photovoltaik","Angebaute Anlage","159.4","11.08.08","6017","Ruswil","LU"
"Photovoltaik","Angebaute Anlage","159.5","22.08.12","4145","Gempen","SO"
"Photovoltaik","Angebaute Anlage","160.2","31.03.16","9413","Oberegg","AI"
"Photovoltaik","Integrierte Anlage","160.4","04.07.13","1427","Bonvillars","VD"
"Photovoltaik","Angebaute Anlage","160.6","29.09.15","5703","Seon","AG"
"Photovoltaik","Integrierte Anlage","160.6","20.12.10","3454","Sumiswald","BE"
"Photovoltaik","Integrierte Anlage","160.7","20.12.12","8466","Trüllikon","ZH"
"Photovoltaik","Angebaute Anlage","160.7","27.12.11","2540","Grenchen","SO"
"Photovoltaik","Angebaute Anlage","160.8","29.08.08","4104","Oberwil","BL"
"Photovoltaik","Angebaute Anlage","160.8","30.05.13","5707","Seengen","AG"
"Photovoltaik","Angebaute Anlage","161","23.03.16","6283","Baldegg","LU"
"Photovoltaik","Angebaute Anlage","161","15.12.11","8514","Bissegg","TG"
"Photovoltaik","Angebaute Anlage","161.3","27.09.16","9500","Bronschhofen","SG"
"Photovoltaik","Angebaute Anlage","161.5","20.12.13","3038","Kirchlindach","BE"
"Photovoltaik","Integrierte Anlage","161.7","14.12.11","2715","Monible","BE"
"Photovoltaik","Integrierte Anlage","161.8","25.09.12","3317","Limpach","BE"
"Photovoltaik","Angebaute Anlage","161.9","30.03.16","6064","Kerns","OW"
"Photovoltaik","Angebaute Anlage","162","31.03.16","6300","Zug","ZG"
"Photovoltaik","Angebaute Anlage","162.1","21.04.13","4912","Aarwangen","BE"
"Photovoltaik","Angebaute Anlage","162.2","18.12.13","4934","Madiswil","BE"
"Photovoltaik","Angebaute Anlage","162.2","23.03.15","6283","Baldegg","LU"
"Photovoltaik","Integrierte Anlage","162.2","07.12.12","6234","Kulmerau","LU"
"Photovoltaik","Angebaute Anlage","162.2","23.07.13","1418","Vuarrens","VD"
"Photovoltaik","Angebaute Anlage","162.5","23.12.11","1170","Aubonne","VD"
"Photovoltaik","Angebaute Anlage","162.6","27.12.13","5727","Oberkulm","AG"
"Photovoltaik","Angebaute Anlage","162.8","02.12.08","9413","Oberegg","AI"
"Photovoltaik","Angebaute Anlage","163.1","28.09.16","2800","Delémont","JU"
"Photovoltaik","Angebaute Anlage","163.1","15.08.08","6102","Malters","LU"
"Photovoltaik","Angebaute Anlage","163.4","07.03.16","9554","Tägerschen","TG"
"Photovoltaik","Angebaute Anlage","163.8","22.12.14","1538","Treytorrens","VD"
"Photovoltaik","Angebaute Anlage","163.9","27.03.15","8360","Eschlikon","TG"
"Photovoltaik","Angebaute Anlage","164","14.12.11","8342","Wernetshausen","ZH"
"Photovoltaik","Angebaute Anlage","164","14.11.11","8465","Rudolfingen","ZH"
"Photovoltaik","Angebaute Anlage","164","04.08.12","1870","Monthey","VS"
"Photovoltaik","Angebaute Anlage","164.2","23.03.17","4566","Oekingen","SO"
"Photovoltaik","Angebaute Anlage","164.4","01.10.11","2345","Le Cerneux-Veusil","JU"
"Photovoltaik","Integrierte Anlage","164.6","29.08.13","4913","Bannwil","BE"
"Photovoltaik","Integrierte Anlage","164.7","29.09.12","5242","Birr","AG"
"Photovoltaik","Angebaute Anlage","165","31.03.15","7537","Müstair","GR"
"Photovoltaik","Angebaute Anlage","165","13.12.11","3770","Zweisimmen","BE"
"Photovoltaik","Angebaute Anlage","165.3","17.04.12","9205","Waldkirch","SG"
"Photovoltaik","Angebaute Anlage","165.4","20.10.16","8716","Schmerikon","SG"
"Photovoltaik","Angebaute Anlage","165.4","30.06.16","7132","Vals","GR"
"Photovoltaik","Angebaute Anlage","165.4","22.09.11","8633","Wolfhausen","ZH"
"Photovoltaik","Angebaute Anlage","165.4","28.09.12","4703","Kestenholz","SO"
"Photovoltaik","Angebaute Anlage","165.6","06.07.13","6313","Menzingen","ZG"
"Photovoltaik","Angebaute Anlage","165.6","08.01.15","3434","Obergoldbach","BE"
"Photovoltaik","Angebaute Anlage","165.7","11.06.10","5643","Sins","AG"
"Photovoltaik","Angebaute Anlage","165.9","26.06.08","8580","Hagenwil bei Amriswil","TG"
"Photovoltaik","Angebaute Anlage","166.1","10.11.10","8477","Oberstammheim","ZH"
"Photovoltaik","Integrierte Anlage","166.3","21.12.12","3306","Etzelkofen","BE"
"Photovoltaik","Angebaute Anlage","166.6","18.12.09","6234","Kulmerau","LU"
"Photovoltaik","Integrierte Anlage","166.6","30.09.15","8154","Oberglatt","ZH"
"Photovoltaik","Angebaute Anlage","166.6","27.04.15","9225","Wilen-Gottshaus","TG"
"Photovoltaik","Angebaute Anlage","167","20.10.11","3302","Moosseedorf","BE"
"Photovoltaik","Integrierte Anlage","167.1","17.12.10","6222","Gunzwil","LU"
"Photovoltaik","Angebaute Anlage","167.2","14.01.15","5630","Muri","AG"
"Photovoltaik","Angebaute Anlage","167.2","13.08.15","6074","Giswil","OW"
"Photovoltaik","Integrierte Anlage","167.3","27.09.12","9243","Jonschwil","SG"
"Photovoltaik","Angebaute Anlage","167.4","21.09.15","5610","Wohlen","AG"
"Photovoltaik","Angebaute Anlage","167.7","18.12.13","1073","Savigny","VD"
"Photovoltaik","Angebaute Anlage","167.7","18.12.13","1073","Savigny","VD"
"Photovoltaik","Angebaute Anlage","168","23.12.13","4913","Bannwil","BE"
"Photovoltaik","Angebaute Anlage","168.1","06.06.12","6370","Stans","NW"
"Photovoltaik","Angebaute Anlage","168.2","14.12.16","9108","Gonten","AI"
"Photovoltaik","Angebaute Anlage","168.5","19.12.13","7415","Rodels","GR"
"Photovoltaik","Angebaute Anlage","168.8","09.12.09","4133","Pratteln","BL"
"Photovoltaik","Angebaute Anlage","168.8","20.12.13","8240","Thayngen","SH"
"Photovoltaik","Angebaute Anlage","168.9","26.09.12","6133","Hergiswil","LU"
"Photovoltaik","Integrierte Anlage","169","27.12.13","1270","Trélex","VD"
"Photovoltaik","Angebaute Anlage","169","10.03.15","3124","Belpberg","BE"
"Photovoltaik","Angebaute Anlage","169.1","08.10.13","3308","Grafenried","BE"
"Photovoltaik","Integrierte Anlage","169.1","06.07.12","8263","Buch","SH"
"Photovoltaik","Angebaute Anlage","169.2","21.06.12","5225","Bözberg","AG"
"Photovoltaik","Angebaute Anlage","169.3","29.01.15","6056","Kägiswil","OW"
"Photovoltaik","Angebaute Anlage","169.4","02.01.15","8907","Wettswil","ZH"
"Photovoltaik","Angebaute Anlage","169.5","19.12.11","1757","Noréaz","FR"
"Photovoltaik","Integrierte Anlage","169.5","06.09.11","6204","Sempach","LU"
"Photovoltaik","Angebaute Anlage","169.6","16.09.10","3254","Messen","SO"
"Photovoltaik","Angebaute Anlage","169.7","04.08.14","8908","Hedingen","ZH"
"Photovoltaik","Angebaute Anlage","169.8","20.12.13","9545","Wängi","TG"
"Photovoltaik","Integrierte Anlage","169.8","06.10.15","4704","Niederbipp","BE"
"Photovoltaik","Angebaute Anlage","170","24.09.15","6073","Flüeli-Ranft","OW"
"Photovoltaik","Angebaute Anlage","170.2","06.09.12","2885","Epauvillers","JU"
"Photovoltaik","Angebaute Anlage","170.6","17.12.10","9642","Ebnat-Kappel","SG"
"Photovoltaik","Angebaute Anlage","171.4","25.10.11","9200","Gossau","SG"
"Photovoltaik","Angebaute Anlage","171.6","07.03.14","6122","Menznau","LU"
"Photovoltaik","Angebaute Anlage","171.6","12.04.11","6032","Emmen","LU"
"Photovoltaik","Angebaute Anlage","171.6","29.09.15","1717","St. Ursen","FR"
"Photovoltaik","Angebaute Anlage","171.7","29.11.13","8955","Oetwil a. d. Limmat","ZH"
"Photovoltaik","Angebaute Anlage","171.8","27.12.11","2034","Peseux","NE"
"Photovoltaik","Angebaute Anlage","172","15.09.11","4450","Sissach","BL"
"Photovoltaik","Angebaute Anlage","172","15.09.11","4450","Sissach","BL"
"Photovoltaik","Angebaute Anlage","172.8","19.12.13","5622","Waltenschwil","AG"
"Photovoltaik","Integrierte Anlage","173.2","08.11.11","9402","Mörschwil","SG"
"Photovoltaik","Integrierte Anlage","173.4","19.08.08","1860","Aigle","VD"
"Photovoltaik","Angebaute Anlage","173.5","22.03.16","5622","Waltenschwil","AG"
"Photovoltaik","Integrierte Anlage","173.6","16.06.11","7078","Lenzerheide","GR"
"Photovoltaik","Angebaute Anlage","173.8","21.12.12","1806","St-Légier-La Chiésaz","VD"
"Photovoltaik","Angebaute Anlage","173.9","30.09.15","5645","Fenkrieden","AG"
"Photovoltaik","Integrierte Anlage","174","15.12.11","8934","Knonau","ZH"
"Photovoltaik","Angebaute Anlage","174.4","15.07.12","3600","Thun","BE"
"Photovoltaik","Angebaute Anlage","174.5","18.10.11","5618","Bettwil","AG"
"Photovoltaik","Angebaute Anlage","174.6","13.09.11","9108","Gonten","AI"
"Photovoltaik","Integrierte Anlage","174.7","23.02.12","8162","Steinmaur","ZH"
"Photovoltaik","Angebaute Anlage","174.7","27.08.12","2882","St.Ursanne","JU"
"Photovoltaik","Angebaute Anlage","174.7","05.01.15","8572","Berg","TG"
"Photovoltaik","Angebaute Anlage","175.4","31.10.14","6018","Buttisholz","LU"
"Photovoltaik","Angebaute Anlage","175.8","22.12.14","1428","Provence","VD"
"Photovoltaik","Angebaute Anlage","176.4","28.10.13","6017","Ruswil","LU"
"Photovoltaik","Angebaute Anlage","176.5","24.03.16","6166","Hasle","LU"
"Photovoltaik","Angebaute Anlage","176.5","24.09.15","9053","Teufen","AR"
"Photovoltaik","Angebaute Anlage","177.1","06.12.13","6072","Sachseln","OW"
"Photovoltaik","Angebaute Anlage","177.2","26.01.17","8564","Engwilen","TG"
"Photovoltaik","Angebaute Anlage","177.4","09.08.11","9116","Wolfertswil","SG"
"Photovoltaik","Angebaute Anlage","177.4","25.11.13","8374","Dussnang","TG"
"Photovoltaik","Angebaute Anlage","177.6","19.06.12","8263","Buch","SH"
"Photovoltaik","Angebaute Anlage","177.7","23.12.11","4325","Schupfart","AG"
"Photovoltaik","Angebaute Anlage","177.9","23.12.11","6236","Wilihof","LU"
"Photovoltaik","Angebaute Anlage","178.3","13.03.09","3629","Kiesen","BE"
"Photovoltaik","Integrierte Anlage","178.3","20.12.11","5235","Rüfenach","AG"
"Photovoltaik","Integrierte Anlage","178.4","12.12.08","8450","Andelfingen","ZH"
"Photovoltaik","Angebaute Anlage","178.4","19.12.13","3173","Oberwangen","BE"
"Photovoltaik","Angebaute Anlage","178.7","25.05.12","6218","Ettiswil","LU"
"Photovoltaik","Angebaute Anlage","179.3","27.02.12","8330","Pfäffikon ZH","ZH"
"Photovoltaik","Angebaute Anlage","179.3","09.01.15","9562","Buch bei Märwil","TG"
"Photovoltaik","Angebaute Anlage","179.4","23.03.16","9326","Horn","TG"
"Photovoltaik","Angebaute Anlage","179.8","19.09.14","8112","Otelfingen","ZH"
"Photovoltaik","Angebaute Anlage","180","18.11.11","3235","Erlach","BE"
"Photovoltaik","Integrierte Anlage","180.6","04.12.14","3672","Oberdiessbach","BE"
"Photovoltaik","Integrierte Anlage","181","18.12.13","5242","Lupfig","AG"
"Photovoltaik","Angebaute Anlage","181","07.10.11","1510","Moudon","VD"
"Photovoltaik","Integrierte Anlage","181.4","28.02.12","7141","Luven","GR"
"Photovoltaik","Integrierte Anlage","181.7","30.11.11","8180","Bülach","ZH"
"Photovoltaik","Angebaute Anlage","182","17.11.10","5015","Erlinsbach","SO"
"Photovoltaik","Angebaute Anlage","182.1","20.12.13","6345","Neuheim","ZG"
"Photovoltaik","Angebaute Anlage","182.3","12.01.15","8465","Wildensbuch","ZH"
"Photovoltaik","Angebaute Anlage","182.3","03.12.09","6216","Mauensee","LU"
"Photovoltaik","Angebaute Anlage","182.3","15.09.14","6276","Hohenrain","LU"
"Photovoltaik","Angebaute Anlage","182.5","17.06.13","3303","Jegenstorf","BE"
"Photovoltaik","Angebaute Anlage","182.7","02.01.15","6221","Rickenbach","LU"
"Photovoltaik","Angebaute Anlage","183.6","28.06.15","9203","Niederwil","SG"
"Photovoltaik","Angebaute Anlage","183.7","24.05.12","3535","Erlach","BE"
"Photovoltaik","Angebaute Anlage","184","27.03.15","8577","Schönholzerswilen","TG"
"Photovoltaik","Angebaute Anlage","184.1","29.09.15","9475","Sevelen","SG"
"Photovoltaik","Angebaute Anlage","184.3","09.01.15","6242","Wauwil","LU"
"Photovoltaik","Angebaute Anlage","185.6","07.09.12","5703","Seon","AG"
"Photovoltaik","Angebaute Anlage","185.6","08.01.15","8576","Mauren","TG"
"Photovoltaik","Angebaute Anlage","185.9","04.12.13","9246","Niederbüren","SG"
"Photovoltaik","Angebaute Anlage","186.7","21.12.11","2803","Bourrignon","JU"
"Photovoltaik","Angebaute Anlage","186.8","04.09.15","6236","Wilihof","LU"
"Photovoltaik","Angebaute Anlage","187.2","30.12.11","9443","Widnau","SG"
"Photovoltaik","Angebaute Anlage","187.2","12.12.07","8107","Buchs","ZH"
"Photovoltaik","Angebaute Anlage","187.2","12.12.13","7302","Landquart","GR"
"Photovoltaik","Angebaute Anlage","187.9","21.11.13","5620","Bremgarten","AG"
"Photovoltaik","Angebaute Anlage","188.2","13.06.13","8820","Wädenswil","ZH"
"Photovoltaik","Angebaute Anlage","188.2","20.12.12","6343","Rotkreuz","ZG"
"Photovoltaik","Angebaute Anlage","189.2","20.11.12","8259","Rheinklingen","TG"
"Photovoltaik","Angebaute Anlage","189.4","21.12.11","8479","Altikon","ZH"
"Photovoltaik","Integrierte Anlage","189.6","28.12.11","5606","Dintikon","AG"
"Photovoltaik","Angebaute Anlage","189.8","24.09.14","7208","Malans","GR"
"Photovoltaik","Angebaute Anlage","190.1","19.05.16","8055","Zürich","ZH"
"Photovoltaik","Angebaute Anlage","190.6","19.12.12","1656","Jaun","FR"
"Photovoltaik","Angebaute Anlage","190.6","25.07.12","1725","Posieux","FR"
"Photovoltaik","Angebaute Anlage","190.6","22.12.11","9300","Wittenbach","SG"
"Photovoltaik","Integrierte Anlage","191.1","27.09.12","1410","Thierrens","VD"
"Photovoltaik","Integrierte Anlage","191.2","20.08.12","6019","Sigigen","LU"
"Photovoltaik","Angebaute Anlage","191.3","24.08.12","5600","Lenzburg","AG"
"Photovoltaik","Angebaute Anlage","191.8","06.12.13","8585","Herrenhof","TG"
"Photovoltaik","Angebaute Anlage","192","27.09.12","3966","Réchy","VS"
"Photovoltaik","Angebaute Anlage","192.3","11.11.11","1661","Le Pâquier","FR"
"Photovoltaik","Integrierte Anlage","192.3","27.12.13","1304","Cossonay","VD"
"Photovoltaik","Angebaute Anlage","192.7","11.07.14","9050","Appenzell","AI"
"Photovoltaik","Angebaute Anlage","192.7","07.12.11","8856","Tuggen","SZ"
"Photovoltaik","Angebaute Anlage","192.8","05.07.11","8376","Fischingen","TG"
"Photovoltaik","Angebaute Anlage","192.9","31.10.14","6020","Emmenbrücke","LU"
"Photovoltaik","Angebaute Anlage","193.6","20.08.12","5644","Auw","AG"
"Photovoltaik","Integrierte Anlage","194.1","18.12.13","1416","Pailly","VD"
"Photovoltaik","Angebaute Anlage","194.7","31.03.15","8374","Dussnang","TG"
"Photovoltaik","Integrierte Anlage","195","27.12.11","5622","Waltenschwil","AG"
"Photovoltaik","Angebaute Anlage","195","30.06.17","5634","Merenschwand","AG"
"Photovoltaik","Integrierte Anlage","195.1","08.04.09","6024","Hildisrieden","LU"
"Photovoltaik","Angebaute Anlage","195.4","18.07.12","8570","Weinfelden","TG"
"Photovoltaik","Integrierte Anlage","195.4","09.12.11","3043","Uettligen","BE"
"Photovoltaik","Angebaute Anlage","195.5","16.09.13","1950","Sion","VS"
"Photovoltaik","Integrierte Anlage","195.6","20.08.12","1618","Châtel-St.-Denis","FR"
"Photovoltaik","Angebaute Anlage","195.8","28.11.14","6030","Ebikon","LU"
"Photovoltaik","Angebaute Anlage","195.8","18.12.12","4702","Oensingen","SO"
"Photovoltaik","Angebaute Anlage","196","21.03.17","2544","Bettlach","SO"
"Photovoltaik","Angebaute Anlage","196.1","13.03.14","2340","Le Noirmont","JU"
"Photovoltaik","Angebaute Anlage","196.2","14.12.11","8266","Steckborn","TG"
"Photovoltaik","Angebaute Anlage","196.5","27.07.12","8404","Winterthur","ZH"
"Photovoltaik","Angebaute Anlage","196.7","16.11.11","3476","Oschwand","BE"
"Photovoltaik","Integrierte Anlage","196.9","05.10.11","8497","Fischenthal","ZH"
"Photovoltaik","Integrierte Anlage","197.4","27.08.08","5512","Wohlenschwil","AG"
"Photovoltaik","Angebaute Anlage","197.5","31.07.12","8404","Winterthur","ZH"
"Photovoltaik","Angebaute Anlage","197.8","24.06.09","3111","Tägertschi","BE"
"Photovoltaik","Angebaute Anlage","197.9","07.05.09","3629","Kiesen","BE"
"Photovoltaik","Angebaute Anlage","198","17.02.12","8307","Effretikon","ZH"
"Photovoltaik","Angebaute Anlage","198.4","27.02.15","6022","Grosswangen","LU"
"Photovoltaik","Integrierte Anlage","198.5","23.08.12","6222","Gunzwil","LU"
"Photovoltaik","Integrierte Anlage","199.6","01.10.11","3148","Lanzenhäusern","BE"
"Photovoltaik","Angebaute Anlage","199.7","13.12.16","9205","Waldkirch","SG"
"Photovoltaik","Integrierte Anlage","199.7","16.09.11","1717","St. Ursen","FR"
"Photovoltaik","Angebaute Anlage","200","02.10.13","7013","Domat/Ems","GR"
"Photovoltaik","Angebaute Anlage","200","29.02.12","1730","Ecuvillens","FR"
"Photovoltaik","Angebaute Anlage","200","31.03.15","1584","Villars-le-Grand","VD"
"Photovoltaik","Angebaute Anlage","200","21.12.11","3186","Düdingen","FR"
"Photovoltaik","Integrierte Anlage","200.2","24.09.12","6022","Grosswangen","LU"
"Photovoltaik","Angebaute Anlage","200.3","10.03.15","3456","Dürrenroth","BE"
"Photovoltaik","Angebaute Anlage","200.4","07.12.11","4624","Härkingen","SO"
"Photovoltaik","Integrierte Anlage","200.6","02.10.12","1325","Vaulion","VD"
"Photovoltaik","Angebaute Anlage","200.7","09.12.14","6030","Ebikon","LU"
"Photovoltaik","Angebaute Anlage","200.7","24.08.12","4310","Rheinfelden","AG"
"Photovoltaik","Integrierte Anlage","200.8","17.12.13","1323","Romainmôtier","VD"
"Photovoltaik","Angebaute Anlage","200.9","31.03.15","3053","Münchenbuchsee","BE"
"Photovoltaik","Angebaute Anlage","201","27.02.12","3127","Mühlethurnen","BE"
"Photovoltaik","Angebaute Anlage","201.1","26.03.15","6156","Luthern","LU"
"Photovoltaik","Angebaute Anlage","201.4","24.02.12","8537","Nussbaumen","TG"
"Photovoltaik","Integrierte Anlage","201.5","19.12.12","6048","Horw","LU"
"Photovoltaik","Integrierte Anlage","202.1","13.11.13","8476","Unterstammheim","ZH"
"Photovoltaik","Angebaute Anlage","202.2","12.03.09","6072","Sachseln","OW"
"Photovoltaik","Angebaute Anlage","202.5","19.09.12","5210","Windisch","AG"
"Photovoltaik","Angebaute Anlage","202.6","12.11.08","4577","Hessigkofen","SO"
"Photovoltaik","Angebaute Anlage","202.8","02.01.15","6313","Menzingen","ZG"
"Photovoltaik","Angebaute Anlage","202.8","11.03.15","5426","Lengnau","AG"
"Photovoltaik","Angebaute Anlage","202.8","18.09.12","9246","Niederbüren","SG"
"Photovoltaik","Angebaute Anlage","203","23.06.17","5406","Rütihof","AG"
"Photovoltaik","Angebaute Anlage","203.3","19.08.16","1860","Aigle","VD"
"Photovoltaik","Integrierte Anlage","203.6","01.12.11","9243","Jonschwil","SG"
"Photovoltaik","Angebaute Anlage","203.6","30.09.11","4410","Liestal","BL"
"Photovoltaik","Integrierte Anlage","203.7","06.09.12","8184","Bachenbülach","ZH"
"Photovoltaik","Integrierte Anlage","204","24.12.13","1029","Villars-Sainte-Croix","VD"
"Photovoltaik","Angebaute Anlage","204.1","09.08.16","6018","Buttisholz","LU"
"Photovoltaik","Angebaute Anlage","204.1","20.12.13","9504","Friltschen","TG"
"Photovoltaik","Angebaute Anlage","204.4","16.11.11","6163","Ebnet","LU"
"Photovoltaik","Angebaute Anlage","204.4","18.08.10","6301","Zug","ZG"
"Photovoltaik","Angebaute Anlage","204.5","02.05.13","8107","Buchs","ZH"
"Photovoltaik","Angebaute Anlage","204.8","29.09.10","1806","St. Légier","VD"
"Photovoltaik","Angebaute Anlage","205","06.02.12","9410","Heiden","AR"
"Photovoltaik","Angebaute Anlage","205.9","15.12.16","7430","Thusis","GR"
"Photovoltaik","Angebaute Anlage","205.9","25.09.15","8916","Jonen","AG"
"Photovoltaik","Angebaute Anlage","206.8","27.02.16","6274","Eschenbach","LU"
"Photovoltaik","Angebaute Anlage","208.6","03.03.16","8966","Oberwil-Lieli","AG"
"Photovoltaik","Angebaute Anlage","209","30.03.16","5622","Waltenschwil","AG"
"Photovoltaik","Angebaute Anlage","209.9","24.09.12","4208","Nunningen","SO"
"Photovoltaik","Angebaute Anlage","210","21.12.12","3077","Enggistein","BE"
"Photovoltaik","Angebaute Anlage","210","09.10.16","9652","Neu St. Johann","SG"
"Photovoltaik","Angebaute Anlage","210.1","12.12.13","7000","Chur","GR"
"Photovoltaik","Integrierte Anlage","210.3","21.12.13","4704","Niederbipp","BE"
"Photovoltaik","Angebaute Anlage","211.1","25.11.14","1029","Villars-Sainte-Croix","VD"
"Photovoltaik","Integrierte Anlage","211.6","12.05.12","6026","Rain","LU"
"Photovoltaik","Angebaute Anlage","212.2","18.12.13","3942","Raron","VS"
"Photovoltaik","Angebaute Anlage","212.2","23.03.16","8847","Egg","SZ"
"Photovoltaik","Angebaute Anlage","212.3","10.09.15","6020","Emmenbrücke","LU"
"Photovoltaik","Angebaute Anlage","213.2","30.03.16","7492","Alvaneu-Dorf","GR"
"Photovoltaik","Integrierte Anlage","213.2","26.12.13","2947","Charmoille","JU"
"Photovoltaik","Angebaute Anlage","213.3","25.09.15","5634","Merenschwand","AG"
"Photovoltaik","Angebaute Anlage","213.6","14.12.13","9463","Oberriet","SG"
"Photovoltaik","Integrierte Anlage","214.2","21.12.13","3415","Hasle b. Burgdorf","BE"
"Photovoltaik","Angebaute Anlage","214.3","23.12.11","8444","Henggart","ZH"
"Photovoltaik","Angebaute Anlage","215","24.12.11","1410","Thierrens","VD"
"Photovoltaik","Angebaute Anlage","215","15.12.11","1018","Lausanne","VD"
"Photovoltaik","Angebaute Anlage","215.7","18.07.13","8362","Balterswil","TG"
"Photovoltaik","Angebaute Anlage","215.8","31.12.10","4564","Zielebach","BE"
"Photovoltaik","Angebaute Anlage","216","26.08.09","6252","Dagmersellen","LU"
"Photovoltaik","Integrierte Anlage","216","19.12.13","1299","Crans-près-Céligny","VD"
"Photovoltaik","Angebaute Anlage","216.2","27.09.12","9400","Rorschach","SG"
"Photovoltaik","Angebaute Anlage","217.4","01.12.11","8475","Ossingen","ZH"
"Photovoltaik","Angebaute Anlage","217.6","16.09.13","9315","Neukirch","TG"
"Photovoltaik","Angebaute Anlage","217.8","20.09.12","8424","Embrach","ZH"
"Photovoltaik","Integrierte Anlage","217.9","20.02.12","8340","Hinwil","ZH"
"Photovoltaik","Integrierte Anlage","217.9","20.02.12","8340","Hinwil","ZH"
"Photovoltaik","Angebaute Anlage","218","27.12.10","3324","Hindelbank","BE"
"Photovoltaik","Angebaute Anlage","218.1","25.10.13","8424","Embrach","ZH"
"Photovoltaik","Integrierte Anlage","218.2","19.12.13","1068","Les Monts de Pully","VD"
"Photovoltaik","Angebaute Anlage","218.9","23.12.13","6020","Emmenbrücke","LU"
"Photovoltaik","Angebaute Anlage","219.3","10.12.13","1525","Henniez","VD"
"Photovoltaik","Angebaute Anlage","219.4","30.03.16","7016","Trin Mulin","GR"
"Photovoltaik","Angebaute Anlage","219.4","19.12.12","4233","Meltingen","SO"
"Photovoltaik","Integrierte Anlage","219.5","01.10.10","1880","Bex","VD"
"Photovoltaik","Angebaute Anlage","219.8","17.03.16","8585","Langrickenbach","TG"
"Photovoltaik","Angebaute Anlage","220","17.07.12","2340","Le Noirmont","JU"
"Photovoltaik","Angebaute Anlage","220.2","25.09.15","3376","Berken","BE"
"Photovoltaik","Angebaute Anlage","220.2","28.06.16","9246","Niederbüren","SG"
"Photovoltaik","Angebaute Anlage","220.6","24.02.15","5628","Aristau","AG"
"Photovoltaik","Angebaute Anlage","220.8","29.06.15","3613","Steffisburg","BE"
"Photovoltaik","Integrierte Anlage","221.2","03.10.12","3377","Walliswil bei Wangen","BE"
"Photovoltaik","Angebaute Anlage","221.2","06.01.15","6236","Wilihof","LU"
"Photovoltaik","Angebaute Anlage","223.3","18.12.12","9323","Steinach","SG"
"Photovoltaik","Angebaute Anlage","223.4","31.03.17","9313","Muolen","SG"
"Photovoltaik","Angebaute Anlage","223.6","27.09.16","8625","Gossau","ZH"
"Photovoltaik","Angebaute Anlage","224.1","01.01.15","6313","Menzingen","ZG"
"Photovoltaik","Angebaute Anlage","224.1","30.09.15","7302","Landquart","GR"
"Photovoltaik","Angebaute Anlage","224.6","25.07.13","4513","Langendorf","SO"
"Photovoltaik","Angebaute Anlage","225.1","09.02.15","1072","Forel-Lavaux","VD"
"Photovoltaik","Angebaute Anlage","225.7","29.09.12","8370","Sirnach","TG"
"Photovoltaik","Angebaute Anlage","225.8","28.11.11","3902","Brig-Glis","VS"
"Photovoltaik","Angebaute Anlage","226.7","10.07.13","9243","Jonschwil","SG"
"Photovoltaik","Angebaute Anlage","226.8","28.03.15","4133","Pratteln","BL"
"Photovoltaik","Integrierte Anlage","228","14.11.12","6216","Mauensee","LU"
"Photovoltaik","Angebaute Anlage","228.3","09.03.15","8226","Schleitheim","SH"
"Photovoltaik","Angebaute Anlage","228.5","09.05.12","5605","Dottikon","AG"
"Photovoltaik","Angebaute Anlage","229","30.03.15","7304","Maienfeld","GR"
"Photovoltaik","Angebaute Anlage","229.2","12.10.11","6234","Triengen","LU"
"Photovoltaik","Integrierte Anlage","229.2","16.12.11","1242","Satigny","GE"
"Photovoltaik","Integrierte Anlage","230","23.02.12","8864","Reichenburg","SZ"
"Photovoltaik","Angebaute Anlage","230","20.12.13","9315","Neukirch-Egnach","TG"
"Photovoltaik","Integrierte Anlage","230","17.10.11","6277","Kleinwangen","LU"
"Photovoltaik","Angebaute Anlage","230.3","15.09.10","8404","Winterthur","ZH"
"Photovoltaik","Integrierte Anlage","230.3","12.07.12","8197","Rafz","ZH"
"Photovoltaik","Angebaute Anlage","230.4","29.03.16","4600","Olten","SO"
"Photovoltaik","Angebaute Anlage","230.6","30.09.15","2414","Le Cerneux-Péquignot","NE"
"Photovoltaik","Angebaute Anlage","230.9","08.03.16","3250","Lyss","BE"
"Photovoltaik","Angebaute Anlage","231.4","31.03.16","8932","Mettmenstetten","ZH"
"Photovoltaik","Angebaute Anlage","231.4","28.09.12","9452","Hinterforst","SG"
"Photovoltaik","Angebaute Anlage","231.5","20.12.11","1717","St. Ursen","FR"
"Photovoltaik","Angebaute Anlage","231.5","06.07.11","6017","Ruswil","LU"
"Photovoltaik","Angebaute Anlage","232.1","08.01.16","8376","Fischingen","TG"
"Photovoltaik","Integrierte Anlage","233","11.12.13","3800","Unterseen","BE"
"Photovoltaik","Angebaute Anlage","233.2","27.12.13","6130","Willisau","LU"
"Photovoltaik","Angebaute Anlage","233.3","23.12.11","5234","Villigen","AG"
"Photovoltaik","Angebaute Anlage","233.5","22.09.13","8207","Schaffhausen","SH"
"Photovoltaik","Angebaute Anlage","234.5","12.12.13","6030","Ebikon","LU"
"Photovoltaik","Angebaute Anlage","235.6","30.03.15","5405","Baden-Dättwil","AG"
"Photovoltaik","Angebaute Anlage","236.3","05.07.11","8840","Einsiedeln","SZ"
"Photovoltaik","Angebaute Anlage","236.3","14.10.14","3088","Rüeggisberg","BE"
"Photovoltaik","Angebaute Anlage","236.8","24.03.15","8752","Näfels","GL"
"Photovoltaik","Angebaute Anlage","236.9","27.12.13","8856","Tuggen","SZ"
"Photovoltaik","Angebaute Anlage","237.3","30.11.13","3510","Konolfingen","BE"
"Photovoltaik","Angebaute Anlage","237.8","27.03.15","6276","Hohenrain","LU"
"Photovoltaik","Angebaute Anlage","238","24.02.12","6147","Altbüron","LU"
"Photovoltaik","Angebaute Anlage","238.4","25.04.10","4227","Büsserach","SO"
"Photovoltaik","Angebaute Anlage","238.5","17.03.17","6222","Gunzwil","LU"
"Photovoltaik","Angebaute Anlage","238.5","17.03.17","6222","Gunzwil","LU"
"Photovoltaik","Angebaute Anlage","239.2","23.12.13","4950","Huttwil","BE"
"Photovoltaik","Angebaute Anlage","239.9","26.12.12","1163","Etoy","VD"
"Photovoltaik","Angebaute Anlage","240.6","09.07.16","6215","Beromünster","LU"
"Photovoltaik","Integrierte Anlage","241","13.09.12","6204","Sempach","LU"
"Photovoltaik","Integrierte Anlage","241.3","17.12.12","3435","Ramsei","BE"
"Photovoltaik","Angebaute Anlage","241.5","28.11.13","5057","Reitnau","AG"
"Photovoltaik","Angebaute Anlage","243.3","25.09.12","1565","Missy","VD"
"Photovoltaik","Angebaute Anlage","243.5","11.12.13","1800","Vevey","VD"
"Photovoltaik","Angebaute Anlage","244","05.11.10","8514","Amlikon-Bissegg","TG"
"Photovoltaik","Angebaute Anlage","244.2","16.12.11","6182","Escholzmatt","LU"
"Photovoltaik","Angebaute Anlage","244.2","25.11.10","9606","Bütschwil","SG"
"Photovoltaik","Angebaute Anlage","244.6","01.07.13","4629","Fulenbach","SO"
"Photovoltaik","Angebaute Anlage","244.8","22.12.11","3904","Naters","VS"
"Photovoltaik","Integrierte Anlage","245.3","01.11.13","5426","Lengnau","AG"
"Photovoltaik","Integrierte Anlage","245.4","05.12.12","1615","Bossonnens","FR"
"Photovoltaik","Angebaute Anlage","245.4","06.03.15","6274","Eschenbach","LU"
"Photovoltaik","Angebaute Anlage","245.9","02.01.09","9463","Oberriet","SG"
"Photovoltaik","Integrierte Anlage","245.9","13.12.13","6205","Eich","LU"
"Photovoltaik","Integrierte Anlage","246","12.07.13","1462","Yvonand","VD"
"Photovoltaik","Angebaute Anlage","246.5","24.03.15","8732","Neuhaus","SG"
"Photovoltaik","Angebaute Anlage","246.5","25.04.12","5644","Auw","AG"
"Photovoltaik","Angebaute Anlage","246.7","30.08.12","1149","Berolle","VD"
"Photovoltaik","Angebaute Anlage","247.5","01.11.10","8200","Schaffhausen","SH"
"Photovoltaik","Angebaute Anlage","247.8","05.12.11","3186","Düdingen","FR"
"Photovoltaik","Angebaute Anlage","247.8","21.12.12","1880","Bex","VD"
"Photovoltaik","Angebaute Anlage","248","09.02.16","7214","Grüsch","GR"
"Photovoltaik","Angebaute Anlage","248.1","20.09.11","7320","Sargans","SG"
"Photovoltaik","Angebaute Anlage","248.2","28.03.15","8864","Reichenburg","SZ"
"Photovoltaik","Angebaute Anlage","248.2","23.12.10","8197","Rafz","ZH"
"Photovoltaik","Angebaute Anlage","248.4","20.12.13","6242","Wauwil","LU"
"Photovoltaik","Angebaute Anlage","248.7","27.10.11","8570","Weinfelden","TG"
"Photovoltaik","Angebaute Anlage","249.3","12.09.12","3902","Brig-Glis","VS"
"Photovoltaik","Angebaute Anlage","249.6","14.09.11","6232","Geuensee","LU"
"Photovoltaik","Angebaute Anlage","249.6","20.02.15","6015","Luzern","LU"
"Photovoltaik","Angebaute Anlage","249.9","27.09.12","4601","Olten","SO"
"Photovoltaik","Angebaute Anlage","250","27.12.11","4703","Kestenholz","SO"
"Photovoltaik","Angebaute Anlage","250.4","14.12.11","6403","Küssnacht am Rigi","SZ"
"Photovoltaik","Angebaute Anlage","251.2","09.12.14","4414","Füllinsdorf","BL"
"Photovoltaik","Angebaute Anlage","251.4","17.08.12","6019","Sigigen","LU"
"Photovoltaik","Angebaute Anlage","251.6","11.09.12","6850","Mendrisio","TI"
"Photovoltaik","Angebaute Anlage","251.7","12.12.12","6300","Zug","ZG"
"Photovoltaik","Angebaute Anlage","252.5","21.12.16","9464","Lienz","SG"
"Photovoltaik","Angebaute Anlage","252.5","21.12.16","9464","Lienz","SG"
"Photovoltaik","Angebaute Anlage","253.1","22.12.11","5623","Boswil","AG"
"Photovoltaik","Integrierte Anlage","253.2","23.12.13","4455","Zunzgen","BL"
"Photovoltaik","Angebaute Anlage","253.2","28.03.15","6203","Sempach Station","LU"
"Photovoltaik","Angebaute Anlage","253.3","10.03.15","2607","Cortébert","BE"
"Photovoltaik","Angebaute Anlage","253.5","21.12.12","8048","Zürich","ZH"
"Photovoltaik","Angebaute Anlage","254.8","04.07.14","7203","Trimmis","GR"
"Photovoltaik","Angebaute Anlage","255.8","07.01.15","5426","Lengnau","AG"
"Photovoltaik","Angebaute Anlage","255.8","27.09.16","6417","Sattel","SZ"
"Photovoltaik","Angebaute Anlage","255.9","27.02.17","9315","Neukirch","TG"
"Photovoltaik","Integrierte Anlage","256","05.06.12","3770","Zweisimmen","BE"
"Photovoltaik","Angebaute Anlage","256.4","11.12.12","1406","Cronay","VD"
"Photovoltaik","Angebaute Anlage","256.8","10.06.14","4104","Oberwil","BL"
"Photovoltaik","Angebaute Anlage","258","20.12.11","6221","Rickenbach","LU"
"Photovoltaik","Angebaute Anlage","258.1","03.06.11","6016","Hellbühl","LU"
"Photovoltaik","Angebaute Anlage","258.2","08.11.11","4142","Münchenstein","BL"
"Photovoltaik","Angebaute Anlage","258.6","27.03.15","6170","Schüpfheim","LU"
"Photovoltaik","Angebaute Anlage","259","24.09.12","3322","Urtenen-Schönbühl","BE"
"Photovoltaik","Integrierte Anlage","259.2","17.10.11","4144","Arlesheim","BL"
"Photovoltaik","Angebaute Anlage","260","19.12.13","9475","Sevelen","SG"
"Photovoltaik","Angebaute Anlage","260.7","06.01.15","8514","Amlikon-Bissegg","TG"
"Photovoltaik","Angebaute Anlage","260.7","13.09.10","9230","Flawil","SG"
"Photovoltaik","Angebaute Anlage","260.9","14.11.13","3019","Bern","BE"
"Photovoltaik","Angebaute Anlage","261.9","09.12.08","4553","Subingen","SO"
"Photovoltaik","Angebaute Anlage","261.9","18.12.13","9444","Diepoldsau","SG"
"Photovoltaik","Angebaute Anlage","262.8","04.10.11","8717","Benken","SG"
"Photovoltaik","Angebaute Anlage","263.4","21.12.10","5417","Untersiggenthal","AG"
"Photovoltaik","Angebaute Anlage","263.4","14.08.08","6147","Altbüron","LU"
"Photovoltaik","Angebaute Anlage","263.6","10.10.13","9444","Diepoldsau","SG"
"Photovoltaik","Angebaute Anlage","265.3","11.07.12","3267","Seedorf","BE"
"Photovoltaik","Angebaute Anlage","265.7","28.08.15","6274","Eschenbach","LU"
"Photovoltaik","Angebaute Anlage","266.8","25.06.13","6055","Alpnach Dorf","OW"
"Photovoltaik","Integrierte Anlage","266.8","25.06.13","1742","Autigny","FR"
"Photovoltaik","Angebaute Anlage","268.7","22.09.15","8185","Winkel","ZH"
"Photovoltaik","Angebaute Anlage","268.7","12.12.14","7403","Rhäzüns","GR"
"Photovoltaik","Angebaute Anlage","270","21.12.11","1400","Yverdon","VD"
"Photovoltaik","Integrierte Anlage","270.3","15.12.11","2926","Boncourt","JU"
"Photovoltaik","Angebaute Anlage","270.3","23.12.13","9533","Kirchberg","SG"
"Photovoltaik","Angebaute Anlage","270.4","20.04.06","1227","Carouge","GE"
"Photovoltaik","Angebaute Anlage","270.7","19.03.15","8593","Kesswil","TG"
"Photovoltaik","Angebaute Anlage","270.7","21.12.12","4901","Langenthal","BE"
"Photovoltaik","Integrierte Anlage","271.3","15.11.13","8105","Watt","ZH"
"Photovoltaik","Angebaute Anlage","271.6","31.03.15","7204","Untervaz","GR"
"Photovoltaik","Angebaute Anlage","272","05.03.15","9630","Wattwil","SG"
"Photovoltaik","Integrierte Anlage","272.6","16.12.10","2516","Lamboing","BE"
"Photovoltaik","Angebaute Anlage","273.2","31.12.13","2545","Selzach","SO"
"Photovoltaik","Angebaute Anlage","273.6","19.09.14","2345","Les Breuleux","JU"
"Photovoltaik","Angebaute Anlage","274","23.06.16","9443","Widnau","SG"
"Photovoltaik","Angebaute Anlage","274","23.06.16","9443","Widnau","SG"
"Photovoltaik","Angebaute Anlage","274.4","24.03.15","9502","Braunau","TG"
"Photovoltaik","Integrierte Anlage","275.2","17.08.12","2803","Bourrignon","JU"
"Photovoltaik","Integrierte Anlage","275.7","07.12.11","3186","Düdingen","FR"
"Photovoltaik","Angebaute Anlage","276.6","31.03.16","5605","Dottikon","AG"
"Photovoltaik","Integrierte Anlage","276.8","12.12.13","3205","Gümmenen","BE"
"Photovoltaik","Angebaute Anlage","276.9","07.12.11","5746","Walterswil","SO"
"Photovoltaik","Angebaute Anlage","278.2","19.12.13","3645","Gwatt","BE"
"Photovoltaik","Angebaute Anlage","278.6","05.09.16","1728","Rossens","FR"
"Photovoltaik","Angebaute Anlage","279.5","13.10.14","8580","Amriswil","TG"
"Photovoltaik","Angebaute Anlage","280","18.09.12","3507","Biglen","BE"
"Photovoltaik","Angebaute Anlage","280","23.03.15","5644","Auw","AG"
"Photovoltaik","Angebaute Anlage","280.4","20.12.13","1272","Genolier","VD"
"Photovoltaik","Integrierte Anlage","280.7","07.11.13","6206","Neuenkirch","LU"
"Photovoltaik","Angebaute Anlage","280.9","09.04.08","6146","Grossdietwil","LU"
"Photovoltaik","Angebaute Anlage","281.3","13.11.13","8253","Diessenhofen","TG"
"Photovoltaik","Integrierte Anlage","282.1","28.09.12","6300","Zug","ZG"
"Photovoltaik","Angebaute Anlage","282.4","10.12.15","3076","Worb","BE"
"Photovoltaik","Angebaute Anlage","282.4","01.10.14","9630","Wattwil","SG"
"Photovoltaik","Angebaute Anlage","284","07.04.14","5600","Ammerswil","AG"
"Photovoltaik","Angebaute Anlage","284.6","31.08.12","6214","Schenkon","LU"
"Photovoltaik","Integrierte Anlage","285","05.07.12","1528","Praratoud","FR"
"Photovoltaik","Angebaute Anlage","285.1","31.03.15","7302","Landquart","GR"
"Photovoltaik","Angebaute Anlage","285.8","20.12.13","8514","Amlikon-Bissegg","TG"
"Photovoltaik","Angebaute Anlage","287.3","22.09.11","9200","Gossau","SG"
"Photovoltaik","Angebaute Anlage","287.9","20.06.16","8560","Märstetten","TG"
"Photovoltaik","Angebaute Anlage","288","22.11.11","1373","Chavornay","VD"
"Photovoltaik","Angebaute Anlage","290","30.03.15","8576","Mauren","TG"
"Photovoltaik","Integrierte Anlage","290.3","19.12.11","5224","Unterbözberg","AG"
"Photovoltaik","Angebaute Anlage","290.4","20.02.15","8855","Wangen","SZ"
"Photovoltaik","Angebaute Anlage","290.6","16.03.15","5018","Erlinsbach","AG"
"Photovoltaik","Integrierte Anlage","291.5","20.12.12","1070","Puidoux","VD"
"Photovoltaik","Angebaute Anlage","292","19.12.13","9225","Wilen-Gottshaus","TG"
"Photovoltaik","Angebaute Anlage","292.7","15.09.09","9463","Oberriet","SG"
"Photovoltaik","Angebaute Anlage","293","07.01.15","8872","Weesen","SG"
"Photovoltaik","Angebaute Anlage","293.4","16.09.15","8307","Effretikon","ZH"
"Photovoltaik","Angebaute Anlage","294.5","15.08.11","8725","Ernetschwil","SG"
"Photovoltaik","Angebaute Anlage","295","30.09.16","4710","Balsthal","SO"
"Photovoltaik","Angebaute Anlage","295.5","27.09.16","6222","Gunzwil","LU"
"Photovoltaik","Angebaute Anlage","296.2","24.03.16","5106","Veltheim","AG"
"Photovoltaik","Angebaute Anlage","297.4","28.02.12","8200","Schaffhausen","SH"
"Photovoltaik","Angebaute Anlage","297.4","11.10.14","6276","Hohenrain","LU"
"Photovoltaik","Angebaute Anlage","297.8","14.12.12","8722","Kaltbrunn","SG"
"Photovoltaik","Angebaute Anlage","298.4","24.08.12","1784","Cournillens","FR"
"Photovoltaik","Integrierte Anlage","298.8","22.12.10","4583","Aetigkofen","SO"
"Photovoltaik","Angebaute Anlage","299.2","14.01.15","3422","Rüdtligen","BE"
"Photovoltaik","Angebaute Anlage","300","08.07.11","3421","Lyssach","BE"
"Photovoltaik","Angebaute Anlage","300","30.06.16","3600","Thun","BE"
"Photovoltaik","Angebaute Anlage","300.2","23.12.13","5453","Busslingen","AG"
"Photovoltaik","Angebaute Anlage","300.3","03.11.14","3414","Oberburg b. Burgdorf","BE"
"Photovoltaik","Angebaute Anlage","301.2","06.07.11","9464","Lienz","SG"
"Photovoltaik","Angebaute Anlage","301.7","10.09.14","8915","Hausen am Albis","ZH"
"Photovoltaik","Angebaute Anlage","301.9","25.09.15","5525","Fischbach-Göslikon","AG"
"Photovoltaik","Angebaute Anlage","302.2","29.08.11","9200","Gossau","SG"
"Photovoltaik","Angebaute Anlage","302.6","30.03.15","3183","Albligen","BE"
"Photovoltaik","Angebaute Anlage","302.7","20.12.13","3184","Wünnewil","FR"
"Photovoltaik","Angebaute Anlage","303","24.09.13","4410","Liestal","BL"
"Photovoltaik","Angebaute Anlage","304.5","09.09.16","9245","Oberbüren","SG"
"Photovoltaik","Angebaute Anlage","305.6","24.12.12","4450","Sissach","BL"
"Photovoltaik","Angebaute Anlage","305.9","21.06.13","6217","Kottwil","LU"
"Photovoltaik","Integrierte Anlage","307.2","29.09.17","6330","Cham","ZG"
"Photovoltaik","Angebaute Anlage","309.5","28.09.12","4704","Niederbipp","BE"
"Photovoltaik","Angebaute Anlage","310","27.02.12","6423","Seewen","SZ"
"Photovoltaik","Integrierte Anlage","311.1","27.02.12","6022","Grosswangen","LU"
"Photovoltaik","Angebaute Anlage","311.6","27.09.12","5325","Leibstadt","AG"
"Photovoltaik","Angebaute Anlage","311.8","14.12.11","1131","Tolochenaz","VD"
"Photovoltaik","Angebaute Anlage","312.1","17.12.13","3178","Bösingen","FR"
"Photovoltaik","Angebaute Anlage","313.3","18.04.16","3930","Visp","VS"
"Photovoltaik","Angebaute Anlage","315.1","29.08.14","8918","Unterlunkhofen","AG"
"Photovoltaik","Angebaute Anlage","315.2","12.03.15","4324","Obermumpf","AG"
"Photovoltaik","Angebaute Anlage","316.4","04.07.15","CH-6025","Neudorf","LU"
"Photovoltaik","Angebaute Anlage","317.5","01.07.10","8112","Otelfingen","ZH"
"Photovoltaik","Angebaute Anlage","317.5","27.12.12","1030","Bussigny-près-Lausanne","VD"
"Photovoltaik","Angebaute Anlage","318.1","27.03.15","6331","Hünenberg","ZG"
"Photovoltaik","Angebaute Anlage","318.6","07.07.10","1665","Estavannens","FR"
"Photovoltaik","Angebaute Anlage","318.8","27.03.15","7127","Sevgein","GR"
"Photovoltaik","Angebaute Anlage","318.8","27.03.15","7127","Sevgein","GR"
"Photovoltaik","Angebaute Anlage","319.8","10.12.13","8610","Uster","ZH"
"Photovoltaik","Angebaute Anlage","320.2","25.09.15","6340","Sihlbrugg","ZG"
"Photovoltaik","Integrierte Anlage","320.3","30.12.13","1040","Villars-le-Terroir","VD"
"Photovoltaik","Integrierte Anlage","320.3","30.12.13","1040","Villars-le-Terroir","VD"
"Photovoltaik","Integrierte Anlage","321.6","15.06.09","6284","Gelfingen","LU"
"Photovoltaik","Angebaute Anlage","321.8","22.12.11","1524","Granges-Près-Marnand","VD"
"Photovoltaik","Integrierte Anlage","322.2","01.07.10","1227","Les Acacias","GE"
"Photovoltaik","Angebaute Anlage","322.5","28.03.15","8717","Benken","SG"
"Photovoltaik","Angebaute Anlage","323","10.12.13","1525","Henniez","VD"
"Photovoltaik","Angebaute Anlage","325.5","26.11.10","6017","Ruswil","LU"
"Photovoltaik","Angebaute Anlage","325.5","23.03.16","8266","Steckborn","TG"
"Photovoltaik","Angebaute Anlage","325.7","13.03.17","8172","Niederglatt","ZH"
"Photovoltaik","Angebaute Anlage","326.4","21.12.14","6403","Küssnacht am Rigi","SZ"
"Photovoltaik","Angebaute Anlage","326.9","22.09.15","8560","Märstetten","TG"
"Photovoltaik","Angebaute Anlage","327.5","30.09.15","6276","Hohenrain","LU"
"Photovoltaik","Angebaute Anlage","330.5","25.06.13","6916","Grancia","TI"
"Photovoltaik","Angebaute Anlage","332.3","28.09.12","6152","Hüswil","LU"
"Photovoltaik","Angebaute Anlage","332.5","24.09.12","6056","Kägiswil","OW"
"Photovoltaik","Angebaute Anlage","333.8","10.08.12","9552","Bronschhofen","SG"
"Photovoltaik","Angebaute Anlage","334.6","27.03.15","9545","Wängi","TG"
"Photovoltaik","Angebaute Anlage","335.7","24.12.13","3762","Erlenbach","BE"
"Photovoltaik","Angebaute Anlage","336","11.06.14","8584","Opfershofen","TG"
"Photovoltaik","Integrierte Anlage","336.9","21.12.12","1489","Murist","FR"
"Photovoltaik","Angebaute Anlage","337.4","22.12.11","4107","Ettingen","BL"
"Photovoltaik","Angebaute Anlage","337.4","23.12.10","7304","Maienfeld","GR"
"Photovoltaik","Angebaute Anlage","340.2","26.09.17","6102","Malters","LU"
"Photovoltaik","Angebaute Anlage","340.6","10.02.15","6005","Luzern","LU"
"Photovoltaik","Angebaute Anlage","341.9","18.12.13","4537","Wiedlisbach","BE"
"Photovoltaik","Angebaute Anlage","342","18.10.10","8233","Bargen","SH"
"Photovoltaik","Angebaute Anlage","342.8","07.05.10","3238","Gals","BE"
"Photovoltaik","Angebaute Anlage","343.8","12.12.11","9403","Goldach","SG"
"Photovoltaik","Angebaute Anlage","344","22.07.15","6022","Grosswangen","LU"
"Photovoltaik","Angebaute Anlage","345.1","27.09.17","3952","Susten","VS"
"Photovoltaik","Angebaute Anlage","345.3","14.06.10","4227","Büsserach","SO"
"Photovoltaik","Angebaute Anlage","346.3","23.12.13","4938","Rohrbach","BE"
"Photovoltaik","Angebaute Anlage","346.3","31.03.16","1278","La Rippe","VD"
"Photovoltaik","Angebaute Anlage","346.8","30.07.15","6018","Buttisholz","LU"
"Photovoltaik","Angebaute Anlage","347.5","12.12.13","2340","Le Noirmont","JU"
"Photovoltaik","Angebaute Anlage","347.7","27.07.09","9556","Zezikon","TG"
"Photovoltaik","Integrierte Anlage","348.9","13.12.11","9402","Mörschwil","SG"
"Photovoltaik","Angebaute Anlage","349.1","23.12.11","8274","Tägerwilen","TG"
"Photovoltaik","Angebaute Anlage","351","24.12.12","8340","Hinwil","ZH"
"Photovoltaik","Angebaute Anlage","352.3","09.12.11","5453","Remetschwil","AG"
"Photovoltaik","Angebaute Anlage","353.5","30.12.10","7205","Zizers","GR"
"Photovoltaik","Angebaute Anlage","355.5","07.05.10","4052","Basel","BS"
"Photovoltaik","Angebaute Anlage","356.4","07.12.10","8953","Dietikon","ZH"
"Photovoltaik","Angebaute Anlage","357.3","15.01.15","9525","Lenggenwil","SG"
"Photovoltaik","Integrierte Anlage","358.5","21.12.12","8114","Dänikon","ZH"
"Photovoltaik","Angebaute Anlage","359.1","09.12.13","1007","Lausanne","VD"
"Photovoltaik","Angebaute Anlage","359.2","20.06.11","4410","Liestal","BL"
"Photovoltaik","Angebaute Anlage","359.3","30.03.15","5313","Klingnau","AG"
"Photovoltaik","Angebaute Anlage","360","22.12.11","1242","Satigny","GE"
"Photovoltaik","Angebaute Anlage","361.9","22.03.16","5634","Merenschwand","AG"
"Photovoltaik","Angebaute Anlage","362.8","16.12.13","3946","Turtmann","VS"
"Photovoltaik","Angebaute Anlage","365","26.02.15","9630","Wattwil","SG"
"Photovoltaik","Integrierte Anlage","366.1","11.12.09","8934","Knonau","ZH"
"Photovoltaik","Angebaute Anlage","366.5","10.09.09","8542","Wiesendangen","ZH"
"Photovoltaik","Angebaute Anlage","367.2","01.12.11","4712","Laupersdorf","SO"
"Photovoltaik","Angebaute Anlage","369.2","30.03.15","6213","Knutwil","LU"
"Photovoltaik","Angebaute Anlage","369.6","01.12.10","3076","Worb SBB","BE"
"Photovoltaik","Angebaute Anlage","369.6","31.03.16","6154","Hofstatt","LU"
"Photovoltaik","Angebaute Anlage","370.1","29.11.11","8304","Wallisellen","ZH"
"Photovoltaik","Angebaute Anlage","370.2","17.12.13","8352","Elsau","ZH"
"Photovoltaik","Angebaute Anlage","370.5","12.11.10","6215","Beromünster","LU"
"Photovoltaik","Angebaute Anlage","372.1","05.12.13","8604","Volketswil","ZH"
"Photovoltaik","Angebaute Anlage","373","26.09.17","8535","Herdern","TG"
"Photovoltaik","Angebaute Anlage","374","08.08.12","6252","Dagmersellen","LU"
"Photovoltaik","Integrierte Anlage","374.6","24.08.11","6018","Buttisholz","LU"
"Photovoltaik","Angebaute Anlage","374.9","25.06.15","3661","Uetendorf","BE"
"Photovoltaik","Integrierte Anlage","375","20.12.12","1126","Vaux-sur-Morges","VD"
"Photovoltaik","Angebaute Anlage","375.7","05.11.12","8725","Ernetschwil","SG"
"Photovoltaik","Integrierte Anlage","376.2","20.12.13","6246","Altishofen","LU"
"Photovoltaik","Angebaute Anlage","376.2","30.09.15","9220","Bischofszell","TG"
"Photovoltaik","Integrierte Anlage","378","12.09.12","1746","Prez-vers-Noréaz","FR"
"Photovoltaik","Angebaute Anlage","378.7","04.09.12","4712","Laupersdorf","SO"
"Photovoltaik","Angebaute Anlage","380.2","15.12.11","4912","Aarwangen","BE"
"Photovoltaik","Angebaute Anlage","380.5","10.04.15","2545","Selzach","SO"
"Photovoltaik","Integrierte Anlage","380.9","18.07.14","6206","Neuenkirch","LU"
"Photovoltaik","Angebaute Anlage","383.8","30.03.15","9630","Wattwil","SG"
"Photovoltaik","Angebaute Anlage","383.8","23.12.11","3940","Steg","VS"
"Photovoltaik","Angebaute Anlage","386.1","09.10.14","9325","Roggwil","TG"
"Photovoltaik","Angebaute Anlage","386.2","26.09.16","5634","Merenschwand","AG"
"Photovoltaik","Angebaute Anlage","387","11.08.15","9325","Roggwil","TG"
"Photovoltaik","Angebaute Anlage","387.5","13.03.15","8226","Schleitheim","SH"
"Photovoltaik","Angebaute Anlage","391.1","16.01.15","2088","Cressier","NE"
"Photovoltaik","Angebaute Anlage","392.5","23.06.10","4900","Langenthal","BE"
"Photovoltaik","Angebaute Anlage","392.5","23.06.10","4900","Langenthal","BE"
"Photovoltaik","Integrierte Anlage","393.4","06.12.13","1417","Essertines-sur-Yverdon","VD"
"Photovoltaik","Integrierte Anlage","393.4","06.12.13","1417","Essertines-sur-Yverdon","VD"
"Photovoltaik","Angebaute Anlage","395.6","28.02.17","8308","Agasul","ZH"
"Photovoltaik","Angebaute Anlage","396.3","08.12.14","7402","Bonaduz","GR"
"Photovoltaik","Angebaute Anlage","396.9","02.05.12","4543","Deitingen","SO"
"Photovoltaik","Angebaute Anlage","397.3","01.12.13","4127","Birsfelden","BL"
"Photovoltaik","Angebaute Anlage","398.8","03.03.15","CH-6025","Neudorf","LU"
"Photovoltaik","Angebaute Anlage","398.8","18.09.15","6277","Kleinwangen","LU"
"Photovoltaik","Angebaute Anlage","401.8","05.06.13","6055","Alpnach Dorf","OW"
"Photovoltaik","Angebaute Anlage","401.8","28.09.11","3604","Thun","BE"
"Photovoltaik","Angebaute Anlage","401.9","28.09.12","7013","Domat/Ems","GR"
"Photovoltaik","Angebaute Anlage","404.3","18.12.12","5618","Bettwil","AG"
"Photovoltaik","Angebaute Anlage","406","21.12.12","9050","Appenzell","AI"
"Photovoltaik","Integrierte Anlage","408.5","20.09.12","6300","Zug","ZG"
"Photovoltaik","Integrierte Anlage","409.9","14.09.16","1530","Payerne","VD"
"Photovoltaik","Angebaute Anlage","410.1","19.08.15","3465","Dürrenroth","BE"
"Photovoltaik","Angebaute Anlage","410.8","19.12.13","3207","Wileroltigen","BE"
"Photovoltaik","Angebaute Anlage","411.2","01.11.08","3713","Reichenbach","BE"
"Photovoltaik","Angebaute Anlage","411.5","25.03.13","9315","Winden","TG"
"Photovoltaik","Angebaute Anlage","413","16.12.11","1242","Satigny","GE"
"Photovoltaik","Angebaute Anlage","415.4","27.11.08","9201","Gossau","SG"
"Photovoltaik","Angebaute Anlage","415.5","30.03.15","8512","Lustdorf","TG"
"Photovoltaik","Angebaute Anlage","416.9","30.09.16","8934","Knonau","ZH"
"Photovoltaik","Angebaute Anlage","417.6","15.12.11","3600","Thun","BE"
"Photovoltaik","Integrierte Anlage","420.7","31.07.12","1688","Sommentier","FR"
"Photovoltaik","Angebaute Anlage","422.7","01.11.11","3661","Uetendorf","BE"
"Photovoltaik","Angebaute Anlage","428.6","14.04.10","3063","Ittigen","BE"
"Photovoltaik","Angebaute Anlage","429.5","31.03.16","2042","Valangin","NE"
"Photovoltaik","Integrierte Anlage","430.8","29.11.13","1585","Salavaux","VD"
"Photovoltaik","Angebaute Anlage","432.1","28.12.11","1920","Martigny","VS"
"Photovoltaik","Integrierte Anlage","434","20.12.11","1757","Noréaz","FR"
"Photovoltaik","Angebaute Anlage","435.6","21.12.12","2350","Saignelegier","JU"
"Photovoltaik","Angebaute Anlage","436.3","05.11.13","4704","Niederbipp","BE"
"Photovoltaik","Integrierte Anlage","436.4","20.07.12","6017","Ruswil","LU"
"Photovoltaik","Angebaute Anlage","437.5","25.09.12","4955","Gondiswil","BE"
"Photovoltaik","Angebaute Anlage","438.7","18.12.14","3510","Konolfingen","BE"
"Photovoltaik","Angebaute Anlage","444.9","20.12.13","2557","Studen","BE"
"Photovoltaik","Integrierte Anlage","445.3","30.04.10","4543","Deitingen","SO"
"Photovoltaik","Angebaute Anlage","446.8","11.04.13","1728","Rossens","FR"
"Photovoltaik","Angebaute Anlage","447.5","09.12.11","3272","Walperswil","BE"
"Photovoltaik","Angebaute Anlage","450","27.11.13","8717","Benken","SG"
"Photovoltaik","Angebaute Anlage","452","20.12.10","4132","Muttenz","BL"
"Photovoltaik","Angebaute Anlage","452.4","06.12.13","3645","Gwatt","BE"
"Photovoltaik","Angebaute Anlage","452.4","25.03.15","8305","Dietlikon","ZH"
"Photovoltaik","Angebaute Anlage","453.2","24.03.16","1124","Gollion","VD"
"Photovoltaik","Integrierte Anlage","458.6","23.03.17","6060","Sarnen","OW"
"Photovoltaik","Angebaute Anlage","459","22.04.14","3053","Münchenbuchsee","BE"
"Photovoltaik","Integrierte Anlage","462.6","15.12.11","6331","Hünenberg","ZG"
"Photovoltaik","Angebaute Anlage","463.6","31.03.15","9470","Buchs","SG"
"Photovoltaik","Angebaute Anlage","470.1","29.03.16","8911","Rifferswil","ZH"
"Photovoltaik","Angebaute Anlage","473","24.03.16","2900","Porrentruy","JU"
"Photovoltaik","Integrierte Anlage","476.4","28.09.12","2947","Charmoille","JU"
"Photovoltaik","Angebaute Anlage","477.8","31.10.12","9545","Wängi","TG"
"Photovoltaik","Angebaute Anlage","480.7","21.11.13","7000","Chur","GR"
"Photovoltaik","Angebaute Anlage","485.3","30.03.16","6210","Sursee","LU"
"Photovoltaik","Angebaute Anlage","487.2","18.09.15","9326","Horn","TG"
"Photovoltaik","Angebaute Anlage","495.5","26.09.12","9104","Waldstatt","AR"
"Photovoltaik","Angebaute Anlage","496.2","19.12.13","8226","Schleitheim","SH"
"Photovoltaik","Integrierte Anlage","496.9","28.09.12","1582","Donatyre","VD"
"Photovoltaik","Angebaute Anlage","497.3","26.09.16","1623","Semsales","FR"
"Photovoltaik","Angebaute Anlage","498.4","12.08.16","3292","Busswil b. Büren","BE"
"Photovoltaik","Angebaute Anlage","499.3","10.12.13","6056","Kägiswil","OW"
"Photovoltaik","Angebaute Anlage","509.8","18.08.15","8335","Hittnau","ZH"
"Photovoltaik","Angebaute Anlage","511.8","22.08.12","9435","Heerbrugg","SG"
"Photovoltaik","Angebaute Anlage","514.8","17.03.17","8704","Herrliberg","ZH"
"Photovoltaik","Angebaute Anlage","516","13.09.12","8544","Attikon","ZH"
"Photovoltaik","Angebaute Anlage","523.6","22.12.14","1373","Chavornay","VD"
"Photovoltaik","Angebaute Anlage","523.7","07.08.13","3205","Gümmenen","BE"
"Photovoltaik","Angebaute Anlage","524.3","19.12.13","8048","Zürich","ZH"
"Photovoltaik","Angebaute Anlage","526.3","07.11.14","4600","Olten","SO"
"Photovoltaik","Angebaute Anlage","526.7","31.03.16","7324","Vilters","SG"
"Photovoltaik","Angebaute Anlage","526.8","27.09.12","1052","Le Mont-sur-Lausanne","VD"
"Photovoltaik","Angebaute Anlage","526.8","27.09.12","1052","Le Mont-sur-Lausanne","VD"
"Photovoltaik","Angebaute Anlage","529.4","27.03.15","1214","Vernier","GE"
"Photovoltaik","Angebaute Anlage","530.6","09.10.14","8586","Andwil","TG"
"Photovoltaik","Angebaute Anlage","531","28.03.17","8903","Birmensdorf","ZH"
"Photovoltaik","Angebaute Anlage","531.7","30.03.16","5013","Niedergösgen","SO"
"Photovoltaik","Angebaute Anlage","532.4","14.12.11","9430","St.Margrethen","SG"
"Photovoltaik","Angebaute Anlage","532.6","27.10.11","3306","Etzelkofen","BE"
"Photovoltaik","Angebaute Anlage","535.5","16.08.13","3186","Düdingen","FR"
"Photovoltaik","Angebaute Anlage","539.2","26.09.13","8360","Eschlikon","TG"
"Photovoltaik","Angebaute Anlage","545.7","31.03.15","5704","Egliswil","AG"
"Photovoltaik","Angebaute Anlage","545.7","16.12.11","1184","Vinzel","VD"
"Photovoltaik","Integrierte Anlage","546","23.12.11","6147","Altbüron","LU"
"Photovoltaik","Angebaute Anlage","552.6","14.12.13","1607","Palézieux-Village","VD"
"Photovoltaik","Angebaute Anlage","554.9","17.12.09","1024","Ecublens","VD"
"Photovoltaik","Integrierte Anlage","555.6","31.12.11","4564","Obergerlafingen","SO"
"Photovoltaik","Integrierte Anlage","560.7","11.06.12","2875","Montfaucon","JU"
"Photovoltaik","Angebaute Anlage","566.1","30.03.17","8556","Illhart","TG"
"Photovoltaik","Angebaute Anlage","567","01.04.10","6370","Stans","NW"
"Photovoltaik","Angebaute Anlage","567.3","30.12.13","7203","Trimmis","GR"
"Photovoltaik","Angebaute Anlage","568.3","06.10.11","1696","Vuisternens-en-Ogoz","FR"
"Photovoltaik","Angebaute Anlage","571","22.09.16","1893","Colombey-Muraz","VS"
"Photovoltaik","Angebaute Anlage","571","18.09.15","3422","Kirchberg","BE"
"Photovoltaik","Angebaute Anlage","572.9","17.12.09","1024","Ecublens","VD"
"Photovoltaik","Angebaute Anlage","574.1","24.05.13","4623","Neuendorf","SO"
"Photovoltaik","Angebaute Anlage","578.3","15.10.11","8934","Knonau","ZH"
"Photovoltaik","Angebaute Anlage","579.8","18.09.12","6233","Büron","LU"
"Photovoltaik","Angebaute Anlage","585.3","17.12.12","3435","Ramsei","BE"
"Photovoltaik","Angebaute Anlage","586.6","23.12.13","4950","Huttwil","BE"
"Photovoltaik","Angebaute Anlage","589.6","30.03.16","6210","Sursee","LU"
"Photovoltaik","Integrierte Anlage","591.3","22.11.10","1695","Estavayer-le-Gibloux","FR"
"Photovoltaik","Angebaute Anlage","593.7","27.05.11","9200","Gossau","SG"
"Photovoltaik","Integrierte Anlage","594.4","12.12.13","1226","Thônex","GE"
"Photovoltaik","Integrierte Anlage","594.8","21.12.11","1352","Agiez","VD"
"Photovoltaik","Angebaute Anlage","598.6","23.12.13","4938","Rohrbach","BE"
"Photovoltaik","Integrierte Anlage","599","18.12.12","1092","Belmont-s-Lausanne","VD"
"Photovoltaik","Angebaute Anlage","599.3","17.12.10","9545","Wängi","TG"
"Photovoltaik","Angebaute Anlage","602.7","30.03.17","1424","Champagne","VD"
"Photovoltaik","Angebaute Anlage","603.7","29.09.15","1762","Givisiez","FR"
"Photovoltaik","Angebaute Anlage","604","25.06.13","6055","Alpnach Dorf","OW"
"Photovoltaik","Angebaute Anlage","611.3","27.05.13","3111","Tägertschi","BE"
"Photovoltaik","Angebaute Anlage","614","14.09.12","1950","Sion","VS"
"Photovoltaik","Angebaute Anlage","618.8","20.12.13","3543","Emmenmatt","BE"
"Photovoltaik","Angebaute Anlage","624","31.03.16","3270","Aarberg","BE"
"Photovoltaik","Angebaute Anlage","628.5","28.09.12","6002","Luzern","LU"
"Photovoltaik","Integrierte Anlage","629.7","28.10.11","3415","Hasle-Rüegsau","BE"
"Photovoltaik","Angebaute Anlage","630","01.12.11","9200","Gossau","SG"
"Photovoltaik","Angebaute Anlage","630.2","18.08.15","4900","Langenthal","BE"
"Photovoltaik","Angebaute Anlage","638.4","07.09.12","3380","Wangen an der Aare","BE"
"Photovoltaik","Integrierte Anlage","644.3","26.02.12","6340","Baar","ZG"
"Photovoltaik","Angebaute Anlage","646.4","14.11.14","4621","Härkingen","SO"
"Photovoltaik","Angebaute Anlage","648.2","15.01.12","4495","Zeglingen","BL"
"Photovoltaik","Angebaute Anlage","649","13.12.13","4005","Basel","BS"
"Photovoltaik","Angebaute Anlage","655","22.12.09","1217","Meyrin","GE"
"Photovoltaik","Integrierte Anlage","655.9","15.08.14","9300","Wittenbach","SG"
"Photovoltaik","Angebaute Anlage","661.8","18.12.15","3645","Gwatt","BE"
"Photovoltaik","Angebaute Anlage","663","31.03.16","9533","Kirchberg","SG"
"Photovoltaik","Integrierte Anlage","672.9","23.05.13","4704","Niederbipp","BE"
"Photovoltaik","Angebaute Anlage","678","13.09.16","7302","Maienfeld","GR"
"Photovoltaik","Angebaute Anlage","680","29.09.16","8157","Dielsdorf","ZH"
"Photovoltaik","Angebaute Anlage","687.6","06.12.13","8500","Frauenfeld","TG"
"Photovoltaik","Angebaute Anlage","692.2","17.03.17","6072","Sachseln","OW"
"Photovoltaik","Integrierte Anlage","699.3","28.09.12","7537","Müstair","GR"
"Photovoltaik","Angebaute Anlage","702.3","31.03.16","6207","Nottwil","LU"
"Photovoltaik","Angebaute Anlage","707.9","15.12.11","7013","Domat/Ems","GR"
"Photovoltaik","Angebaute Anlage","712.3","02.07.09","1219","Le Lignon","GE"
"Photovoltaik","Angebaute Anlage","714.7","03.02.17","6020","Emmenbrücke","LU"
"Photovoltaik","Angebaute Anlage","716.2","22.12.12","9216","Hohentannen","TG"
"Photovoltaik","Angebaute Anlage","717.8","14.12.11","9472","Grabs","SG"
"Photovoltaik","Angebaute Anlage","723.1","18.09.09","6005","Luzern","LU"
"Photovoltaik","Angebaute Anlage","726.1","08.09.11","6247","Schötz","LU"
"Photovoltaik","Angebaute Anlage","733.7","24.06.16","8586","Erlen","TG"
"Photovoltaik","Integrierte Anlage","736.6","05.04.12","8957","Spreitenbach","AG"
"Photovoltaik","Angebaute Anlage","738.3","31.03.16","6017","Ruswil","LU"
"Photovoltaik","Angebaute Anlage","740","24.12.13","7205","Zizers","GR"
"Photovoltaik","Angebaute Anlage","757.5","26.11.10","1806","St-Légier-La Chiésaz","VD"
"Photovoltaik","Angebaute Anlage","764.5","20.12.12","8590","Romanshorn","TG"
"Photovoltaik","Angebaute Anlage","766.4","30.12.13","1350","Orbe","VD"
"Photovoltaik","Angebaute Anlage","766.9","19.12.13","8508","Homburg","TG"
"Photovoltaik","Angebaute Anlage","770.1","17.09.15","7302","Landquart","GR"
"Photovoltaik","Angebaute Anlage","773.3","24.03.16","2800","Delémont","JU"
"Photovoltaik","Angebaute Anlage","778.2","27.11.12","8580","Hatswil","TG"
"Photovoltaik","Angebaute Anlage","796.8","30.03.16","8500","Frauenfeld","TG"
"Photovoltaik","Angebaute Anlage","805.5","28.10.13","4142","Münchenstein","BL"
"Photovoltaik","Angebaute Anlage","814.6","27.03.15","6204","Sempach","LU"
"Photovoltaik","Angebaute Anlage","815.6","30.09.15","2046","Fontaines","NE"
"Photovoltaik","Angebaute Anlage","829.9","31.03.16","1580","Avenches","VD"
"Photovoltaik","Angebaute Anlage","835.8","17.05.13","9642","Ebnat-Kappel","SG"
"Photovoltaik","Angebaute Anlage","848.9","08.11.10","6023","Rothenburg","LU"
"Photovoltaik","Integrierte Anlage","856.9","08.11.13","6362","Stansstad","NW"
"Photovoltaik","Integrierte Anlage","856.9","08.11.13","6362","Stansstad","NW"
"Photovoltaik","Angebaute Anlage","857.4","21.12.11","3960","Sierre","VS"
"Photovoltaik","Angebaute Anlage","857.5","26.09.16","1260","Nyon","VD"
"Photovoltaik","Integrierte Anlage","859.3","21.12.12","8261","Hemishofen","SH"
"Photovoltaik","Angebaute Anlage","865","24.03.16","5522","Tägerig","AG"
"Photovoltaik","Angebaute Anlage","866.2","29.09.16","1432","Belmont","VD"
"Photovoltaik","Angebaute Anlage","872","20.12.11","4938","Rohrbach","BE"
"Photovoltaik","Angebaute Anlage","872","20.12.11","4938","Rohrbach","BE"
"Photovoltaik","Angebaute Anlage","872.1","30.07.14","6153","Ufhusen","LU"
"Photovoltaik","Angebaute Anlage","879.3","31.08.16","1627","Vaulruz","FR"
"Photovoltaik","Angebaute Anlage","899.3","01.12.11","4104","Oberwil","BL"
"Photovoltaik","Angebaute Anlage","913.1","27.05.14","4624","Härkingen","SO"
"Photovoltaik","Angebaute Anlage","915.2","30.09.16","1163","Etoy","VD"
"Photovoltaik","Angebaute Anlage","916.1","19.03.15","5103","Wildegg","AG"
"Photovoltaik","Angebaute Anlage","917.4","19.02.16","8556","Illhart","TG"
"Photovoltaik","Angebaute Anlage","947.1","20.12.13","6855","Stabio","TI"
"Photovoltaik","Integrierte Anlage","972.9","13.12.13","5064","Wittnau","AG"
"Photovoltaik","Integrierte Anlage","976.5","29.06.12","6156","Luthern","LU"
"Photovoltaik","Angebaute Anlage","976.8","20.12.13","4133","Pratteln","BL"
"Photovoltaik","Angebaute Anlage","980.7","20.12.13","5612","Villmergen","AG"
"Photovoltaik","Angebaute Anlage","1'001.6","28.02.12","1031","Mex","VD"
"Photovoltaik","Angebaute Anlage","1'002.9","22.12.11","1907","Saxon","VS"
"Photovoltaik","Angebaute Anlage","1'009.8","20.12.13","4612","Wangen bei Olten","SO"
"Photovoltaik","Angebaute Anlage","1'015.0","22.12.11","1618","Châtel-St-Denis","FR"
"Photovoltaik","Angebaute Anlage","1'025.5","10.12.14","5630","Muri","AG"
"Photovoltaik","Angebaute Anlage","1'041.1","27.03.15","1165","Allaman","VD"
"Photovoltaik","Angebaute Anlage","1'075.9","06.03.15","8902","Urdorf","ZH"
"Photovoltaik","Angebaute Anlage","1'081.1","28.12.11","8957","Spreitenbach","AG"
"Photovoltaik","Angebaute Anlage","1'081.1","06.01.15","3535","Schüpbach","BE"
"Photovoltaik","Angebaute Anlage","1'091.6","12.12.13","1907","Saxon","VS"
"Photovoltaik","Angebaute Anlage","1'096.7","22.09.16","6048","Horw","LU"
"Photovoltaik","Angebaute Anlage","1'136.2","16.09.16","6371","Stans","NW"
"Photovoltaik","Angebaute Anlage","1'138.2","24.05.13","4623","Neuendorf","SO"
"Photovoltaik","Integrierte Anlage","1'144.0","21.11.11","6133","Hergiswil","LU"
"Photovoltaik","Angebaute Anlage","1'175.2","28.09.12","7000","Chur","GR"
"Photovoltaik","Angebaute Anlage","1'196.2","24.11.11","8514","Amlikon-Bissegg","TG"
"Photovoltaik","Angebaute Anlage","1'212.3","22.11.10","9630","Wattwil","SG"
"Photovoltaik","Angebaute Anlage","1'213.4","26.02.15","4628","Wolfwil","SO"
"Photovoltaik","Angebaute Anlage","1'228.0","25.10.13","1310","Daillens","VD"
"Photovoltaik","Angebaute Anlage","1'234.6","21.12.12","9500","Wil","SG"
"Photovoltaik","Angebaute Anlage","1'260.6","14.01.15","3422","Rüdtligen","BE"
"Photovoltaik","Angebaute Anlage","1'302.2","30.03.15","1564","Domdidier","FR"
"Photovoltaik","Angebaute Anlage","1'421.9","30.12.16","1530","Payerne","VD"
"Photovoltaik","Angebaute Anlage","1'470.0","21.12.12","8952","Zürich Mülligen","ZH"
"Photovoltaik","Angebaute Anlage","1'508.0","24.03.15","6023","Rothenburg","LU"
"Photovoltaik","Integrierte Anlage","1'541.1","17.08.09","6934","Bioggio","TI"
"Photovoltaik","Angebaute Anlage","1'566.3","27.09.12","3076","Worb","BE"
"Photovoltaik","Angebaute Anlage","1'568.0","19.09.12","1214","Vernier","GE"
"Photovoltaik","Angebaute Anlage","1'685.1","30.12.12","2942","Alle","JU"
"Photovoltaik","Integrierte Anlage","1'706.9","13.12.11","4057","Basel","BS"
"Photovoltaik","Angebaute Anlage","2'025.6","21.12.12","1902","Evionnaz","VS"
"Photovoltaik","Angebaute Anlage","2'064.6","21.12.13","4310","Rheinfelden","AG"
"Photovoltaik","Angebaute Anlage","2'105.0","17.06.15","2504","Biel","BE"
"Photovoltaik","Angebaute Anlage","2'126.8","25.03.15","7302","Landquart","GR"
"Photovoltaik","Angebaute Anlage","2'222.5","03.09.10","1024","Ecublens","VD"
"Photovoltaik","Angebaute Anlage","2'343.5","21.09.15","8500","Frauenfeld","TG"
"Photovoltaik","Angebaute Anlage","2'418.8","24.05.13","4623","Neuendorf","SO"
"Photovoltaik","Angebaute Anlage","2'533.1","30.09.16","1462","Yvonand","VD"
"Photovoltaik","Angebaute Anlage","2'993.6","30.11.09","4303","Kaiseraugst","AG"
"Photovoltaik","Angebaute Anlage","3'620.0","30.07.13","4623","Neuendorf","SO"
"Photovoltaik","Angebaute Anlage","5'762.1","29.09.15","4528","Zuchwil","SO"
"Photovoltaik","Angebaute Anlage","8'303.2","30.11.16","1425","Onnens","V"
